{
  "age_loss": [
    22.02576446533203,
    9.631589889526367,
    7.4668498039245605,
    6.790902137756348,
    6.346105098724365,
    6.039604663848877,
    5.6872406005859375,
    5.461109161376953,
    5.3014678955078125,
    5.165870666503906,
    5.01234769821167,
    4.900858402252197,
    4.779644966125488,
    4.731607437133789,
    4.6799211502075195,
    4.597451686859131,
    4.495315074920654,
    4.451425552368164,
    4.417776584625244,
    4.382364273071289,
    4.376836776733398,
    4.356957912445068,
    4.316252708435059,
    4.271638870239258,
    4.293047904968262,
    4.2478718757629395,
    4.1780571937561035,
    4.260913848876953,
    4.221891403198242,
    4.262075901031494,
    4.133567810058594
  ],
  "age_mae": [
    20.762161254882812,
    8.479350090026855,
    6.3921709060668945,
    5.8358154296875,
    5.484289169311523,
    5.229946136474609,
    4.956964492797852,
    4.75581169128418,
    4.655155658721924,
    4.531866073608398,
    4.434157848358154,
    4.303006172180176,
    4.23737907409668,
    4.1593017578125,
    4.149455547332764,
    4.066640377044678,
    3.9910545349121094,
    3.9548394680023193,
    3.9295990467071533,
    3.8967432975769043,
    3.891204357147217,
    3.879960536956787,
    3.8402011394500732,
    3.800928831100464,
    3.816697120666504,
    3.7712299823760986,
    3.7245326042175293,
    3.7984778881073,
    3.737612247467041,
    3.7842090129852295,
    3.6632912158966064
  ],
  "bucket_accuracy": [
    0.6093298196792603,
    0.7330038547515869,
    0.7734450101852417,
    0.7821239233016968,
    0.7995419502258301,
    0.8058702945709229,
    0.8167791962623596,
    0.8239513039588928,
    0.8292550444602966,
    0.8316658735275269,
    0.8420323133468628,
    0.8408269286155701,
    0.8410679697990417,
    0.8436595797538757,
    0.844021201133728,
    0.8493250012397766,
    0.8523987531661987,
    0.8544479012489319,
    0.8519166111946106,
    0.858485996723175,
    0.8531822562217712,
    0.8581846952438354,
    0.8574614524841309,
    0.8585463166236877,
    0.8592092394828796,
    0.8611981868743896,
    0.8624035716056824,
    0.861077606678009,
    0.8652362823486328,
    0.8602338433265686,
    0.8633075952529907
  ],
  "bucket_loss": [
    0.9125475883483887,
    0.628959059715271,
    0.5430591106414795,
    0.5031835436820984,
    0.46817824244499207,
    0.4511752724647522,
    0.42892172932624817,
    0.415696382522583,
    0.4022647738456726,
    0.39418184757232666,
    0.3778190016746521,
    0.3766598701477051,
    0.3687365651130676,
    0.36589735746383667,
    0.3628377616405487,
    0.35523831844329834,
    0.3495347499847412,
    0.3460415303707123,
    0.34334948658943176,
    0.33927541971206665,
    0.34120967984199524,
    0.3394010663032532,
    0.3394080102443695,
    0.33602434396743774,
    0.3332260251045227,
    0.3330405652523041,
    0.3288901746273041,
    0.33454206585884094,
    0.32611116766929626,
    0.3291699290275574,
    0.3251757025718689
  ],
  "bucket_precision": [
    0.7165183424949646,
    0.767123281955719,
    0.7954254150390625,
    0.800152063369751,
    0.8130377531051636,
    0.8176320195198059,
    0.8258528113365173,
    0.8328396677970886,
    0.8377057313919067,
    0.8388188481330872,
    0.8485164642333984,
    0.8476155400276184,
    0.8464600443840027,
    0.8499754667282104,
    0.8487518429756165,
    0.8551567792892456,
    0.8574746251106262,
    0.8589759469032288,
    0.8568374514579773,
    0.8632843494415283,
    0.8579801917076111,
    0.863347589969635,
    0.862245500087738,
    0.8631733059883118,
    0.8638359904289246,
    0.865193247795105,
    0.8665568232536316,
    0.8643127083778381,
    0.86956787109375,
    0.8648055791854858,
    0.8678266406059265
  ],
  "bucket_recall": [
    0.41724926233291626,
    0.6851494908332825,
    0.7482521533966064,
    0.7610896825790405,
    0.7802555561065674,
    0.7903808951377869,
    0.8040019273757935,
    0.813464343547821,
    0.8159956336021423,
    0.821781575679779,
    0.8325096368789673,
    0.8334137201309204,
    0.8329917788505554,
    0.8362463712692261,
    0.8360655903816223,
    0.8415501713752747,
    0.845588207244873,
    0.8472757935523987,
    0.8455279469490051,
    0.8532425165176392,
    0.8469141721725464,
    0.85179603099823,
    0.8525795340538025,
    0.852820634841919,
    0.8534233570098877,
    0.8540862798690796,
    0.8559547066688538,
    0.8542068600654602,
    0.8598722219467163,
    0.8551108837127686,
    0.8567382097244263
  ],
  "loss": [
    15.708520889282227,
    6.93105936050415,
    5.379092693328857,
    4.903899669647217,
    4.581634044647217,
    4.356576919555664,
    4.104138374328613,
    3.9342222213745117,
    3.8343591690063477,
    3.7278337478637695,
    3.6254355907440186,
    3.520531177520752,
    3.4545464515686035,
    3.4061484336853027,
    3.3872971534729004,
    3.3191030025482178,
    3.252314805984497,
    3.222273349761963,
    3.195533037185669,
    3.169750213623047,
    3.16595196723938,
    3.1528639793395996,
    3.123215436935425,
    3.091235399246216,
    3.1070516109466553,
    3.0716211795806885,
    3.0266611576080322,
    3.084529399871826,
    3.0398406982421875,
    3.073309898376465,
    2.981782913208008
  ],
  "val_age_loss": [
    32.3972053527832,
    39.079124450683594,
    16.813053131103516,
    32.21474075317383,
    30.13176918029785,
    22.916414260864258,
    16.391834259033203,
    26.930936813354492,
    19.096389770507812,
    16.688825607299805,
    17.59172821044922,
    12.791479110717773,
    9.600945472717285,
    15.128033638000488,
    14.507936477661133,
    10.155054092407227,
    6.731659412384033,
    19.346128463745117,
    8.092634201049805,
    7.612349987030029,
    6.39263916015625,
    6.945773124694824,
    6.170093059539795,
    10.228606224060059,
    7.925502777099609,
    6.212794780731201,
    6.044587135314941,
    6.0691819190979,
    6.0717058181762695,
    6.710381031036377,
    6.0606279373168945
  ],
  "val_age_mae": [
    30.323034286499023,
    35.510372161865234,
    15.360737800598145,
    29.913299560546875,
    27.392536163330078,
    20.92622184753418,
    13.832573890686035,
    23.51493263244629,
    16.62152099609375,
    12.795169830322266,
    13.762632369995117,
    11.814730644226074,
    8.179972648620605,
    13.096434593200684,
    13.136252403259277,
    9.193169593811035,
    5.647529125213623,
    17.660438537597656,
    7.220266819000244,
    6.66696834564209,
    5.4711103439331055,
    6.123576641082764,
    5.186165809631348,
    9.38113021850586,
    7.1314544677734375,
    5.287435054779053,
    5.139403343200684,
    5.112619400024414,
    5.114869594573975,
    5.867629528045654,
    5.136285305023193
  ],
  "val_bucket_accuracy": [
    0.15125104784965515,
    0.14394152164459229,
    0.556648850440979,
    0.17289851605892181,
    0.19454596936702728,
    0.35816699266433716,
    0.5299409627914429,
    0.29772278666496277,
    0.4531908929347992,
    0.562833845615387,
    0.5451222658157349,
    0.5350013971328735,
    0.6991847157478333,
    0.5459657311439514,
    0.46246838569641113,
    0.6482991576194763,
    0.7913972735404968,
    0.4335113763809204,
    0.7135226130485535,
    0.7621591091156006,
    0.7891481518745422,
    0.7607534527778625,
    0.8082653880119324,
    0.6381782293319702,
    0.7315153479576111,
    0.7998313307762146,
    0.7970199584960938,
    0.8051729202270508,
    0.805735170841217,
    0.7599100470542908,
    0.8003935813903809
  ],